INSERT INTO MONITORING_FREQUENCY(FREQUENCY, SCHEDULE)
    VALUES ('Cada hora', '0 0 * * * *'),
           ('Cada 2 horas', '0 0 */2 * * *'),
           ('Cada 6 horas', '0 0 */6 * * *'),
           ('Cada 12 horas', '0 0 */12 * * *'),
           ('Cada día', '0 0 12 * * *');


INSERT INTO BLOCK(ID, CODE, NAME, FLOOR) VALUES ('1', '2BA', 'Foyer norte (FN)', '2'),
('2', '1BA', 'Primer piso ', '1');

INSERT INTO ORIENTATION(ID, CODE, NAME) VALUES ('1', 'OE', 'Oeste-Este'),
('2', 'NS', 'Norte-Sur');

INSERT INTO CARDINAL_POINT(ID, CODE, NAME) VALUES ('1', 'N', 'Norte'),
('2', 'S', 'Sur'),
('3', 'E', 'Este'),
('4', 'O', 'Oeste');

INSERT INTO TECHNICAL_UNIT(ID, CODE, NAME) VALUES ('1', 'Ev', 'Estructuras verticales'),
('2', 'Eh', 'Estructuras horizontales'),
('3', 'Cv', 'Cerramientos verticales'),
('4', 'Ch', 'Cerramientos horizontales'),
('5', 'Cs', 'Cerramiento superior'),
('6', 'Div', 'Division interna vertical'),
('7', 'Fu', 'Fundaciones');

INSERT INTO ELEMENT_TYPE(ID, CODE, NAME, TECHNICAL_UNIT_ID) VALUES ('1', 'Mu', 'Muros', '1'),
('2', 'ViT', 'Vigas Transversales', '2'),
('3', 'ViL', 'Vigas Longitudinales', '2'),
('4', 'ViC', 'Vigas compuestas', '2'),
('5', 'VgMe', 'Viguetas de Metal', '2'),
('6', 'VgMa', 'Viguetas de Madera', '2'),
('7', 'PaP', 'Panos de pared', '3'),
('8', 'Zo', 'Zocalo', '3'),
('9', 'Fr', 'Friso', '3'),
('10', 'Ve', 'Ventanas', '3'),
('11', 'Pu', 'Puertas', '3'),
('12', 'Pi', 'Pilastras', '3'),
('13', 'SoP', 'Soporte de parquet', '4'),
('14', 'Pa', 'Parquet', '4'),
('15', 'Al', 'Alfombra', '4'),
('16', 'Ro', 'Rodapie', '4'),
('17', 'Gu', 'Guarnicion', '4'),
('18', 'Co', 'Cornisa', '4'),
('19', 'Cu', 'Cubierta', '5'),
('20', 'CiR', 'Cielo raso', '5'),
('21', 'Ce', 'Cerchas', '5'),
('22', 'Vi', 'Vigas', '5'),
('23', 'ViAH', 'Vigas de amarre horizontal', '5'),
('24', 'ViAI', 'Vigas de amarre inclinada', '5'),
('25', 'ViC', 'Vigas compuestas', '5'),
('26', 'Co', 'Columnas', '6'),
('27', 'CiC', 'Cimiento corrido', '7'),
('28', 'Mu', 'Muros', '7'),
('29', 'Lo', 'Losa', '7'),
('30', 'Pi', 'Piso', '7');

INSERT INTO ELEMENT(ID, CODE, NUMBER, ORIENTATION_ID, CARDINAL_POINT_ID, ELEMENT_TYPE_ID) VALUES ('1', '1-2BA_Ev_Mu_N', NULL, NULL, '1', '28'),
('2', '1-2BA_Ev_Mu_E', NULL, NULL, '3', '28'),
('3', '1-2BA_Ev_Mu_S', NULL, NULL, '2', '28'),
('4', '1-2BA_Ev_Mu_O', NULL, NULL, '4', '28'),
('5', '2BA_Eh_ViT_1OE', '1', '1', NULL, '2'),
('6', '2BA_Eh_ViT_2OE', '2', '1', NULL, '2'),
('7', '2BA_Eh_ViT_3OE', '3', '1', NULL, '2'),
('8', '2BA_Eh_ViT_4OE', '4', '1', NULL, '2'),
('9', '2BA_Eh_ViT_5OE', '5', '1', NULL, '2'),
('10', '2BA_Eh_ViT_6OE', '6', '1', NULL, '2'),
('11', '2BA_Eh_ViL_N', NULL, NULL, '1', '3'),
('12', '2BA_Eh_ViL_S', NULL, NULL, '2', '3'),
('13', '2BA_Eh_ViC_N', NULL, NULL, '1', '25'),
('14', '2BA_Eh_VgMe_1NS', '1', '2', NULL, '5'),
('15', '2BA_Eh_VgMe_2NS', '2', '2', NULL, '5'),
('16', '2BA_Eh_VgMe_3NS', '3', '2', NULL, '5'),
('17', '2BA_Eh_VgMe_4NS', '4', '2', NULL, '5'),
('18', '2BA_Eh_VgMe_5NS', '5', '2', NULL, '5'),
('19', '2BA_Eh_VgMe_6NS', '6', '2', NULL, '5'),
('20', '2BA_Eh_VgMe_7NS', '7', '2', NULL, '5'),
('21', '2BA_Eh_VgMe_8NS', '8', '2', NULL, '5'),
('22', '2BA_Eh_VgMe_9NS', '9', '2', NULL, '5'),
('23', '2BA_Eh_VgMe_10NS', '10', '2', NULL, '5'),
('24', '2BA_Eh_VgMa_1NS', '1', '2', NULL, '6'),
('25', '2BA_Eh_VgMa_2NS', '2', '2', NULL, '6'),
('26', '2BA_Eh_VgMa_3NS', '3', '2', NULL, '6'),
('27', '2BA_Eh_VgMa_4NS', '4', '2', NULL, '6'),
('28', '2BA_Eh_VgMa_5NS', '5', '2', NULL, '6'),
('29', '2BA_Eh_VgMa_6NS', '6', '2', NULL, '6'),
('30', '2BA_Eh_VgMa_7NS', '7', '2', NULL, '6'),
('31', '2BA_Eh_VgMa_8NS', '8', '2', NULL, '6'),
('32', '2BA_Eh_VgMa_9NS', '9', '2', NULL, '6'),
('33', '2BA_Eh_VgMa_10NS', '10', '2', NULL, '6'),
('34', '2BA_Cv_PaP_E-1NS', '1', '2', '3', '7'),
('35', '2BA_Cv_PaP_E-2NS', '2', '2', '3', '7'),
('36', '2BA_Cv_PaP_E-3NS', '3', '2', '3', '7'),
('37', '2BA_Cv_PaP_E-4NS', '4', '2', '3', '7'),
('38', '2BA_Cv_PaP_N-1OE', '1', '1', '1', '7'),
('39', '2BA_Cv_PaP_N-2OE', '2', '1', '1', '7'),
('40', '2BA_Cv_PaP_N-3OE', '3', '1', '1', '7'),
('41', '2BA_Cv_PaP_N-4OE', '4', '1', '1', '7'),
('42', '2BA_Cv_PaP_O-1NS', '1', '2', '4', '7'),
('43', '2BA_Cv_PaP_O-2NS', '2', '2', '4', '7'),
('44', '2BA_Cv_PaP_O-3NS', '3', '2', '4', '7'),
('45', '2BA_Cv_PaP_O-4NS', '4', '2', '4', '7'),
('46', '2BA_Cv_Zo_N', NULL, NULL, '1', '8'),
('47', '2BA_Cv_Zo_E', NULL, NULL, '3', '8'),
('48', '2BA_Cv_Zo_O', NULL, NULL, '4', '8'),
('49', '2BA_Cv_Fr_N', NULL, NULL, '1', '9'),
('50', '2BA_Cv_Fr_E', NULL, NULL, '3', '9'),
('51', '2BA_Cv_Fr_O', NULL, NULL, '4', '9'),
('52', '2BA_Cv_Ve_N-1OE', '1', '1', '1', '10'),
('53', '2BA_Cv_Ve_N-2OE', '2', '1', '1', '10'),
('54', '2BA_Cv_Ve_N-3OE', '3', '1', '1', '10'),
('55', '2BA_Cv_Ve_O-1NS', '1', '2', '4', '10'),
('56', '2BA_Cv_Ve_O-2NS', '2', '2', '4', '10'),
('57', '2BA_Cv_Ve_O-3NS', '3', '2', '4', '10'),
('58', '2BA_Cv_Pu_E-1NS', '1', '2', '3', '11'),
('59', '2BA_Cv_Pu_E-2NS', '2', '2', '3', '11'),
('60', '2BA_Cv_Pi_E', NULL, NULL, '3', '30'),
('61', '2BA_Cv_Pi_O', NULL, NULL, '4', '30'),
('62', '2BA_Ch_SoP', NULL, NULL, NULL, '13'),
('63', '2BA_Ch_Pa', NULL, NULL, NULL, '14'),
('64', '2BA_Ch_Al', NULL, NULL, NULL, '15'),
('65', '2BA_Ch_Ro_N', NULL, NULL, '1', '16'),
('66', '2BA_Ch_Ro_E', NULL, NULL, '3', '16'),
('67', '2BA_Ch_Ro_O', NULL, NULL, '4', '16'),
('68', '2BA_Ch_Gu_N', NULL, NULL, '1', '17'),
('69', '2BA_Ch_Gu_E', NULL, NULL, '3', '17'),
('70', '2BA_Ch_Gu_O', NULL, NULL, '4', '17'),
('71', '2BA_Ch_Co_N', NULL, NULL, '1', '26'),
('72', '2BA_Ch_Co_S', NULL, NULL, '2', '26'),
('73', '2BA_Ch_Co_E', NULL, NULL, '3', '26'),
('74', '2BA_Ch_Co_O', NULL, NULL, '4', '26'),
('75', '2BA_Cs_Cu_N', NULL, NULL, '1', '19'),
('76', '2BA_Cs_Cu_O', NULL, NULL, '4', '19'),
('77', '2BA_Cs_CiR', NULL, NULL, NULL, '20'),
('78', '2BA_Cs_Ce_1OE', '1', '1', NULL, '21'),
('79', '2BA_Cs_Ce_2OE', '2', '1', NULL, '21'),
('80', '2BA_Cs_Ce_3OE', '3', '1', NULL, '21'),
('81', '2BA_Cs_Ce_4OE', '4', '1', NULL, '21'),
('82', '2BA_Cs_Ce_5OE', '5', '1', NULL, '21'),
('83', '2BA_Cs_Vi_S', NULL, NULL, '2', '22'),
('84', '2BA_Cs_ViAH_N', NULL, NULL, '1', '23'),
('85', '2BA_Cs_ViAH_O', NULL, NULL, '4', '23'),
('86', '2BA_Cs_ViAI_N', NULL, NULL, '1', '24'),
('87', '2BA_Cs_ViAI_S', NULL, NULL, '2', '24'),
('88', '2BA_Cs_ViC_N', NULL, NULL, '1', '25'),
('89', '2BA_Cs_ViC_O', NULL, NULL, '4', '25'),
('90', '2BA_Div_Co_E', NULL, NULL, '3', '26'),
('91', '2BA_Div_Co_O', NULL, NULL, '4', '26'),
('92', '1BA_Fu_CiC_N', NULL, NULL, '1', '27'),
('93', '1BA_Fu_CiC_E', NULL, NULL, '3', '27'),
('94', '1BA_Fu_CiC_S', NULL, NULL, '2', '27'),
('95', '1BA_Fu_CiC_O', NULL, NULL, '4', '27'),
('96', '1BA_Ch_Lo', NULL, NULL, NULL, '29'),
('97', '1BA_Ch_Pi', NULL, NULL, NULL, '30');

INSERT INTO BLOCK_ELEMENT(ELEMENT_ID, BLOCK_ID) VALUES ('1', '2'),
('1', '1'),
('2', '2'),
('2', '1'),
('3', '2'),
('3', '1'),
('4', '2'),
('4', '1'),
('5', '1'),
('6', '1'),
('7', '1'),
('8', '1'),
('9', '1'),
('10', '1'),
('11', '1'),
('12', '1'),
('13', '1'),
('14', '1'),
('15', '1'),
('16', '1'),
('17', '1'),
('18', '1'),
('19', '1'),
('20', '1'),
('21', '1'),
('22', '1'),
('23', '1'),
('24', '1'),
('25', '1'),
('26', '1'),
('27', '1'),
('28', '1'),
('29', '1'),
('30', '1'),
('31', '1'),
('32', '1'),
('33', '1'),
('34', '1'),
('35', '1'),
('36', '1'),
('37', '1'),
('38', '1'),
('39', '1'),
('40', '1'),
('41', '1'),
('42', '1'),
('43', '1'),
('44', '1'),
('45', '1'),
('46', '1'),
('47', '1'),
('48', '1'),
('49', '1'),
('50', '1'),
('51', '1'),
('52', '1'),
('53', '1'),
('54', '1'),
('55', '1'),
('56', '1'),
('57', '1'),
('58', '1'),
('59', '1'),
('60', '1'),
('61', '1'),
('62', '1'),
('63', '1'),
('64', '1'),
('65', '1'),
('66', '1'),
('67', '1'),
('68', '1'),
('69', '1'),
('70', '1'),
('71', '1'),
('72', '1'),
('73', '1'),
('74', '1'),
('75', '1'),
('76', '1'),
('77', '1'),
('78', '1'),
('79', '1'),
('80', '1'),
('81', '1'),
('82', '1'),
('83', '1'),
('84', '1'),
('85', '1'),
('86', '1'),
('87', '1'),
('88', '1'),
('89', '1'),
('90', '1'),
('91', '1'),
('92', '2'),
('93', '2'),
('94', '2'),
('95', '2'),
('96', '2'),
('97', '2');
